Top pages	Clicks	Impressions	CTR	Position
https://curify-ai.com/en	38	1495	2.54%	4.83
https://www.curify-ai.com/	33	847	3.90%	5.47
https://www.curify-ai.com/en	31	553	5.61%	5.38
https://curify-ai.com/en/video-dubbing	7	153	4.58%	13.39
https://www.curify-ai.com/es/video-dubbing	7	152	4.61%	20.89
https://www.curify-ai.com/en/video-dubbing	5	113	4.42%	32.43
https://www.curify-ai.com/en/blog/ae-vs-comfyui	4	401	1%	6.04
https://www.curify-ai.com/en/bilingual-subtitles	3	80	3.75%	10.47
https://www.curify-ai.com/nano-template/mbti-generic	3	37	8.11%	6.32
https://www.curify-ai.com/nano-banana-pro-prompts/3836	3	20	15%	6.1
https://www.curify-ai.com/tr/nano-banana-pro-prompts/4106	2	136	1.47%	4.64
https://www.curify-ai.com/en/about	2	110	1.82%	4.14
https://www.curify-ai.com/blog	2	69	2.90%	6.57
https://www.curify-ai.com/tools/bilingual-subtitles	2	52	3.85%	6.02
https://www.curify-ai.com/zh/about	2	45	4.44%	5.98
https://curify-ai.com/en/bilingual-subtitles	2	45	4.44%	9.6
https://curify-ai.com/en/nano-banana-pro-prompts/3782	2	21	9.52%	7.67
https://www.curify-ai.com/es/blog/asl-video-translator	2	19	10.53%	5.47
https://www.curify-ai.com/es/nano-banana-pro-prompts/940	2	15	13.33%	1.67
https://www.curify-ai.com/en/nano-template/template-fashion-ecommerce/example/template-fashion-ecommerce-zh-scarf	2	13	15.38%	7
https://www.curify-ai.com/zh/bilingual-subtitles	2	12	16.67%	5.5
https://www.curify-ai.com/de/nano-banana-pro-prompts/1190	2	10	20%	4.1
https://www.curify-ai.com/es/nano-banana-pro-prompts/745	2	9	22.22%	6.78
https://curify-ai.com/hi/nano-banana-pro-prompts/3101	2	7	28.57%	2.86
https://www.curify-ai.com/en/nano-banana-pro-prompts/4306	2	7	28.57%	3.71
https://curify-ai.com/tr/nano-banana-pro-prompts/2934	2	7	28.57%	15.14
https://curify-ai.com/en/nano-banana-pro-prompts/2396	2	5	40%	3.6
https://curify-ai.com/ko/nano-banana-pro-prompts/2249	2	5	40%	4.4
https://www.curify-ai.com/de/nano-banana-pro-prompts/1123	2	4	50%	2
https://www.curify-ai.com/en/blog/storyboard-to-pipeline	1	501	0.20%	7.43
https://www.curify-ai.com/tools/video-dubbing	1	87	1.15%	61.25
https://www.curify-ai.com/en/blog/storyboard-labeling	1	82	1.22%	7.33
https://www.curify-ai.com/blog/asl-video-translator	1	72	1.39%	14.32
https://www.curify-ai.com/blog/f5-tts-voice-cloning	1	63	1.59%	8.3
https://www.curify-ai.com/en/tools	1	61	1.64%	3.97
https://curify-ai.com/en/about	1	57	1.75%	4.63
https://www.curify-ai.com/en/nano-banana-pro-prompts/2122	1	53	1.89%	6.26
https://www.curify-ai.com/ru/blog/ai-youtube-video-translator	1	42	2.38%	6.71
https://www.curify-ai.com/en/nano-banana-pro-prompts/1146	1	39	2.56%	5.79
https://www.curify-ai.com/en/nano-template/book-series	1	34	2.94%	14.44
https://curify-ai.com/zh/video-dubbing	1	32	3.12%	7.62
https://www.curify-ai.com/ja/blog/ai-youtube-video-translator	1	31	3.23%	7.68
https://www.curify-ai.com/pricing	1	27	3.70%	5.48
https://curify-ai.com/en/nano-banana-pro-prompts/2212	1	23	4.35%	7.35
https://www.curify-ai.com/ja/blog/f5-tts-voice-cloning	1	22	4.55%	11.36
https://www.curify-ai.com/nano-banana-pro-prompts/2510	1	20	5%	7.75
https://curify-ai.com/en/nano-banana-pro-prompts/90	1	17	5.88%	8
https://curify-ai.com/es/nano-banana-pro-prompts/940	1	16	6.25%	2.31
https://www.curify-ai.com/ru/nano-banana-pro-prompts/812	1	15	6.67%	5.13
https://curify-ai.com/en/nano-banana-pro-prompts/549	1	14	7.14%	6.86
https://www.curify-ai.com/ru/nano-banana-pro-prompts/3622	1	13	7.69%	5
https://curify-ai.com/de/nano-banana-pro-prompts/2837	1	13	7.69%	7.23
https://www.curify-ai.com/en/nano-banana-pro-prompts/653	1	12	8.33%	11
https://curify-ai.com/de/nano-banana-pro-prompts/2331	1	11	9.09%	3.64
https://www.curify-ai.com/en/nano-banana-pro-prompts/1927	1	11	9.09%	4.73
https://curify-ai.com/tr/nano-banana-pro-prompts/164	1	11	9.09%	4.91
https://curify-ai.com/en/nano-banana-pro-prompts/1927	1	11	9.09%	8.45
https://curify-ai.com/en/nano-banana-pro-prompts/2660	1	9	11.11%	3.78
https://www.curify-ai.com/nano-template/template-fashion-ecommerce/example/template-fashion-ecommerce-zh-socks	1	9	11.11%	6.56
https://www.curify-ai.com/zh/blog/creative-ai-tools-websites	1	8	12.50%	5.5
https://www.curify-ai.com/en/nano-banana-pro-prompts/1166	1	8	12.50%	7
https://www.curify-ai.com/ja/nano-banana-pro-prompts/3292	1	8	12.50%	10
https://curify-ai.com/de/nano-banana-pro-prompts/1927	1	7	14.29%	6
https://www.curify-ai.com/ru/blog/translate-youtube-video-to-english	1	7	14.29%	9.14
https://www.curify-ai.com/en/nano-banana-pro-prompts/4016	1	7	14.29%	9.29
https://www.curify-ai.com/nano-template/template-food/example/template-food-en-neapolitan-pizza	1	6	16.67%	2.5
https://curify-ai.com/es/nano-banana-pro-prompts/1184	1	6	16.67%	12.5
https://www.curify-ai.com/ru/nano-banana-pro-prompts/3835	1	5	20%	2
https://curify-ai.com/ko/nano-banana-pro-prompts/948	1	5	20%	3.4
https://www.curify-ai.com/de/nano-banana-pro-prompts/480	1	5	20%	5.4
https://www.curify-ai.com/zh/nano-banana-pro-prompts/1925	1	5	20%	9
https://www.curify-ai.com/hi/nano-banana-pro-prompts/2848	1	5	20%	9.2
https://curify-ai.com/ja/nano-banana-pro-prompts/627	1	5	20%	21.8
https://curify-ai.com/hi	1	4	25%	4.5
https://www.curify-ai.com/zh/nano-template/mbti-contrast-zh	1	4	25%	5.5
https://curify-ai.com/tr/nano-banana-pro-prompts/3993	1	4	25%	6
https://www.curify-ai.com/nano-template/template-word-scene/example/template-word-scene-zh-military-base  1	1	4	25%	6.25
https://www.curify-ai.com/es/nano-banana-pro-prompts/3006	1	4	25%	7
https://www.curify-ai.com/fr/blog/asl-video-translator	1	4	25%	8
https://curify-ai.com/en/nano-banana-pro-prompts/1994	1	4	25%	11
https://curify-ai.com/en/nano-banana-pro-prompts/432	1	4	25%	46.25
https://curify-ai.com/es/nano-banana-pro-prompts/1002	1	3	33.33%	2.67
https://www.curify-ai.com/zh/nano-banana-pro-prompts/1927	1	3	33.33%	3
https://www.curify-ai.com/zh/blog/voice-cloning-tools	1	3	33.33%	5
https://www.curify-ai.com/de/nano-banana-pro-prompts/1310	1	3	33.33%	5.33
https://www.curify-ai.com/en/nano-banana-pro-prompts/179	1	3	33.33%	7.33
https://www.curify-ai.com/en/nano-banana-pro-prompts/168	1	3	33.33%	8.67
https://www.curify-ai.com/nano-template/template-word-scene/example/template-word-scene-doctor-hospital	1	3	33.33%	14.67
https://curify-ai.com/zh/nano-banana-pro-prompts/3866	1	3	33.33%	27.67
https://www.curify-ai.com/es/nano-banana-pro-prompts/4187	1	2	50%	1.5
https://www.curify-ai.com/ru/nano-banana-pro-prompts/4262	1	2	50%	2
https://www.curify-ai.com/ru/nano-banana-pro-prompts/684	1	2	50%	2
https://www.curify-ai.com/fr/nano-banana-pro-prompts/3876	1	2	50%	5
https://www.curify-ai.com/tr/nano-banana-pro-prompts/2732	1	2	50%	5.5
https://www.curify-ai.com/es/nano-banana-pro-prompts/2704	1	2	50%	6
https://curify-ai.com/zh/nano-banana-pro-prompts/2102	1	2	50%	6.5
https://www.curify-ai.com/en/nano-banana-pro-prompts/3041	1	2	50%	6.5
https://www.curify-ai.com/ja/nano-banana-pro-prompts/4050	1	2	50%	6.5
https://www.curify-ai.com/de/nano-banana-pro-prompts/1859	1	2	50%	7
https://www.curify-ai.com/ko/nano-banana-pro-prompts/3041	1	2	50%	7.5
https://www.curify-ai.com/hi/nano-template/template-character-zh	1	2	50%	8
https://www.curify-ai.com/en/nano-banana-pro-prompts/3677	1	2	50%	9
https://curify-ai.com/zh/nano-banana-pro-prompts/706	1	2	50%	11
https://curify-ai.com/ja/nano-banana-pro-prompts/1184	1	2	50%	11.5
https://curify-ai.com/ko/nano-banana-pro-prompts/2926	1	1	100%	1
https://curify-ai.com/ru/nano-banana-pro-prompts/2991	1	1	100%	1
https://curify-ai.com/ru/nano-banana-pro-prompts/3835	1	1	100%	1
https://www.curify-ai.com/zh/nano-template/mbti-generic	1	1	100%	1
https://curify-ai.com/en/nano-banana-pro-prompts/2127	1	1	100%	2
https://www.curify-ai.com/en/nano-banana-pro-prompts/5	1	1	100%	2
https://www.curify-ai.com/zh/nano-template/template-hot-event-analysis-zh	1	1	100%	2
https://curify-ai.com/zh/nano-banana-pro-prompts/2739	1	1	100%	4
https://www.curify-ai.com/ko/nano-banana-pro-prompts/2249	1	1	100%	4
https://curify-ai.com/es/nano-banana-pro-prompts/126	1	1	100%	10
https://www.curify-ai.com/es/nano-banana-pro-prompts/1543	1	1	100%	12
https://www.curify-ai.com/blog/what-is-voice-cloning	0	95	0%	36.08
https://www.curify-ai.com/zh/blog/ae-vs-comfyui	0	74	0%	6.59
https://www.curify-ai.com/en/nano-banana-pro-prompts	0	68	0%	7.09
https://www.curify-ai.com/es/blog/what-is-voice-cloning	0	56	0%	8.93
https://curify-ai.com/en/blog/ae-vs-comfyui	0	52	0%	9.96
https://www.curify-ai.com/zh/nano-banana-pro-prompts/156	0	51	0%	9.35
https://www.curify-ai.com/blog/voice-cloning-tools	0	46	0%	5.93
https://curify-ai.com/es/nano-banana-pro-prompts/3	0	44	0%	4.86
https://www.curify-ai.com/blog/creative-ai-tools-websites	0	43	0%	7.14
https://www.curify-ai.com/zh/blog/storyboard-labeling	0	40	0%	21.43
https://curify-ai.com/ko/nano-banana-pro-prompts/126	0	36	0%	6.14
https://www.curify-ai.com/zh/nano-banana-pro-prompts/25	0	33	0%	10.39
https://curify-ai.com/zh/nano-banana-pro-prompts/156	0	32	0%	7.53
https://www.curify-ai.com/blog/evolution-timelines-visualization	0	30	0%	10.7
https://www.curify-ai.com/blog/video-enhancement	0	25	0%	4.76
https://curify-ai.com/en/nano-banana-pro-prompts/1146	0	24	0%	6.5
https://curify-ai.com/en/nano-banana-pro-prompts/1076	0	23	0%	5.35
https://curify-ai.com/de/nano-banana-pro-prompts/2429	0	23	0%	7.57
https://www.curify-ai.com/zh/nano-template/education-zh	0	23	0%	9
https://www.curify-ai.com/blog/chinese-costume-history-infographic	0	21	0%	6.14
https://www.curify-ai.com/hi/blog/what-is-voice-cloning	0	21	0%	8.81
https://www.curify-ai.com/hi/tools/video-dubbing	0	21	0%	15.52
https://curify-ai.com/fr/nano-banana-pro-prompts/2122	0	20	0%	9.25
https://www.curify-ai.com/tr/tools/video-dubbing	0	20	0%	37.65
https://curify-ai.com/tr/nano-banana-pro-prompts/4106	0	18	0%	3.33
https://www.curify-ai.com/en/nano-banana-pro-prompts/76	0	18	0%	6.06
https://www.curify-ai.com/zh/nano-template/what-if-history	0	18	0%	16.39
https://www.curify-ai.com/es/blog/translate-youtube-video	0	18	0%	49.67
https://curify-ai.com/en/contact	0	16	0%	4.81
https://www.curify-ai.com/hi/nano-banana-pro-prompts/1190	0	16	0%	5.25
https://www.curify-ai.com/en/nano-banana-pro-prompts/1190	0	16	0%	6.44
https://curify-ai.com/ko/nano-banana-pro-prompts/39	0	16	0%	9.12
https://www.curify-ai.com/ko/blog/ai-youtube-video-translator	0	16	0%	9.62
https://curify-ai.com/zh/contact	0	15	0%	8.2
https://www.curify-ai.com/ko/about	0	14	0%	4.36
https://www.curify-ai.com/en/nano-banana-pro-prompts/126	0	14	0%	4.57
https://www.curify-ai.com/en/nano-banana-pro-prompts/61	0	14	0%	6
https://www.curify-ai.com/en/nano-banana-pro-prompts/3821	0	14	0%	6.57
https://curify-ai.com/de/nano-banana-pro-prompts/1980	0	14	0%	7
https://curify-ai.com/de/nano-banana-pro-prompts/219	0	14	0%	7.43
https://www.curify-ai.com/blog/chinese-herbal-medicine-visual-guide	0	14	0%	8.93
https://www.curify-ai.com/fr/blog/translate-youtube-video	0	14	0%	55.36
https://www.curify-ai.com/en/contact	0	13	0%	3
https://www.curify-ai.com/en/nano-banana-pro-prompts/4316	0	13	0%	4.08
https://www.curify-ai.com/nano-template/mbti-generic/example/template-mbti-generic-ai-en-claude-infj	0	13	0%	7.77
https://curify-ai.com/zh/nano-banana-pro-prompts/154	0	12	0%	2.17
https://curify-ai.com/hi/agreement	0	12	0%	2.5
https://curify-ai.com/en/nano-banana-pro-prompts/601	0	12	0%	5.33
https://www.curify-ai.com/zh/blog/chinese-costume-history-infographic	0	12	0%	5.58
https://curify-ai.com/en/nano-banana-pro-prompts/1184	0	12	0%	6.75
https://www.curify-ai.com/en/nano-banana-pro-prompts/411	0	12	0%	6.92
https://www.curify-ai.com/zh/nano-banana-pro-prompts/762	0	12	0%	8
https://www.curify-ai.com/es/blog/ai-youtube-video-translator	0	12	0%	8.17
https://www.curify-ai.com/ja/bilingual-subtitles	0	11	0%	3.18
https://www.curify-ai.com/es/nano-banana-pro-prompts/3892	0	11	0%	3.27
https://curify-ai.com/de/nano-banana-pro-prompts/3994	0	11	0%	4
https://www.curify-ai.com/zh/nano-banana-pro-prompts/2888	0	11	0%	5.27
https://www.curify-ai.com/hi/nano-banana-pro-prompts/4006	0	11	0%	5.82
https://www.curify-ai.com/en/nano-banana-pro-prompts/3416	0	11	0%	6
https://www.curify-ai.com/en/nano-banana-pro-prompts/2184	0	11	0%	6.55
https://www.curify-ai.com/nano-template/mbti-generic/example/template-mbti-generic-ai-en-gemini-entp	0	11	0%	7.27
https://www.curify-ai.com/ru/blog/translate-youtube-video	0	11	0%	13.64
https://curify-ai.com/tr/nano-banana-pro-prompts/2464	0	11	0%	13.73
https://www.curify-ai.com/hi/privacy	0	10	0%	4.2
https://www.curify-ai.com/en/blog	0	10	0%	5.8
https://www.curify-ai.com/en/nano-banana-pro-prompts/625	0	10	0%	6.4
https://www.curify-ai.com/zh/nano-banana-pro-prompts/3548	0	10	0%	7
https://curify-ai.com/tr/nano-banana-pro-prompts/190	0	10	0%	7.9
https://www.curify-ai.com/en/nano-banana-pro-prompts/2991	0	10	0%	9.8
https://curify-ai.com/zh/bilingual-subtitles	0	10	0%	21.2
https://www.curify-ai.com/fr/tools/video-dubbing	0	10	0%	54
https://www.curify-ai.com/en/nano-banana-pro-prompts/2613	0	9	0%	3.11
https://www.curify-ai.com/en/nano-banana-pro-prompts/2422	0	9	0%	4.67
https://www.curify-ai.com/zh/nano-template/recipe-zh	0	9	0%	4.67
https://curify-ai.com/en/nano-banana-pro-prompts/3702	0	9	0%	5.33
https://curify-ai.com/en/nano-banana-pro-prompts/142	0	9	0%	6.78
https://curify-ai.com/de/nano-banana-pro-prompts/1123	0	9	0%	7.33
https://www.curify-ai.com/en/nano-banana-pro-prompts/471	0	9	0%	7.44
https://curify-ai.com/ja/nano-banana-pro-prompts/3892	0	9	0%	7.56
https://www.curify-ai.com/es/blog/how-to-translate-asl-video	0	9	0%	7.89
https://www.curify-ai.com/en/nano-banana-pro-prompts/3548	0	9	0%	8.11
https://www.curify-ai.com/ja/nano-banana-pro-prompts	0	9	0%	8.11
https://www.curify-ai.com/zh	0	9	0%	8.56
https://curify-ai.com/zh/nano-banana-pro-prompts/25	0	9	0%	8.78
https://www.curify-ai.com/de/nano-banana-pro-prompts/2601	0	8	0%	1.38
https://www.curify-ai.com/es/nano-banana-pro-prompts/516	0	8	0%	3.12
https://www.curify-ai.com/en/nano-template/what-if-history	0	8	0%	3.5
https://www.curify-ai.com/en/nano-template/portrait-retouching-blueprint	0	8	0%	3.75
https://www.curify-ai.com/blog/ai-youtube-video-translator	0	8	0%	4.25
https://www.curify-ai.com/ko/nano-banana-pro-prompts/3900	0	8	0%	4.62
https://www.curify-ai.com/en/inspiration-hub	0	8	0%	4.88
https://www.curify-ai.com/fr/nano-banana-pro-prompts/689	0	8	0%	4.88
https://www.curify-ai.com/nano-template/mbti-generic/example/template-mbti-generic-Marvel-TChalla-Wanda-Vision-Clint	0	8	0%	6
https://www.curify-ai.com/en/nano-banana-pro-prompts/3702	0	8	0%	6.62
https://www.curify-ai.com/en/nano-template/word-scene	0	8	0%	7.12
https://www.curify-ai.com/zh/nano-banana-pro-prompts	0	8	0%	7.38
https://www.curify-ai.com/en/nano-banana-pro-prompts/1250	0	8	0%	8.38
https://www.curify-ai.com/hi/nano-banana-pro-prompts/2567	0	8	0%	8.62
https://www.curify-ai.com/ru/blog/f5-tts-voice-cloning	0	8	0%	8.62
https://curify-ai.com/tr/nano-banana-pro-prompts/3663	0	8	0%	9.62
https://curify-ai.com/es/nano-banana-pro-prompts/1076	0	8	0%	10.5
https://curify-ai.com/fr/nano-banana-pro-prompts/2798	0	7	0%	1
https://www.curify-ai.com/de/nano-banana-pro-prompts/2457	0	7	0%	2.86
https://www.curify-ai.com/en/nano-banana-pro-prompts/1108	0	7	0%	2.86
https://www.curify-ai.com/de/nano-banana-pro-prompts/1298	0	7	0%	3
https://www.curify-ai.com/en/nano-banana-pro-prompts/1107	0	7	0%	3.57
https://curify-ai.com/en/nano-banana-pro-prompts/135	0	7	0%	3.71
https://www.curify-ai.com/ko/bilingual-subtitles	0	7	0%	3.71
https://www.curify-ai.com/en/nano-banana-pro-prompts/2911	0	7	0%	3.86
https://www.curify-ai.com/en/nano-banana-pro-prompts/3192	0	7	0%	4.29
https://www.curify-ai.com/ru/nano-banana-pro-prompts/2489	0	7	0%	4.43
https://www.curify-ai.com/en/nano-banana-pro-prompts/3020	0	7	0%	4.86
https://www.curify-ai.com/zh/tools	0	7	0%	4.86
https://curify-ai.com/ko/nano-banana-pro-prompts/5	0	7	0%	5.14
https://www.curify-ai.com/en/nano-banana-pro-prompts/1026	0	7	0%	5.57
https://www.curify-ai.com/en/nano-banana-pro-prompts/2772	0	7	0%	6.29
https://www.curify-ai.com/en/nano-template/species-science-zh	0	7	0%	6.43
https://www.curify-ai.com/en/nano-banana-pro-prompts/2025	0	7	0%	6.57
https://www.curify-ai.com/en/nano-template/architecture	0	7	0%	6.57
https://www.curify-ai.com/tr/nano-banana-pro-prompts/2934	0	7	0%	6.57
https://www.curify-ai.com/ru/nano-banana-pro-prompts/1153	0	7	0%	6.71
https://curify-ai.com/en/nano-banana-pro-prompts/2636	0	7	0%	7.14
https://curify-ai.com/ja/blog/ae-vs-comfyui	0	7	0%	7.29
https://www.curify-ai.com/zh/nano-template/template-word-scene	0	7	0%	7.57
https://www.curify-ai.com/zh/nano-banana-pro-prompts/711	0	7	0%	7.86
https://curify-ai.com/de/nano-banana-pro-prompts/2780	0	7	0%	8.29
https://www.curify-ai.com/zh/nano-template/template-costume-zh	0	7	0%	8.29
https://www.curify-ai.com/ko/blog/f5-tts-voice-cloning	0	7	0%	8.86
https://www.curify-ai.com/hi/nano-banana-pro-prompts/1489	0	6	0%	2.33
https://www.curify-ai.com/de/bilingual-subtitles	0	6	0%	3.5
https://curify-ai.com/tr/nano-banana-pro-prompts/2042	0	6	0%	3.67
https://www.curify-ai.com/de/nano-banana-pro-prompts/1107	0	6	0%	4.17
https://www.curify-ai.com/en/nano-banana-pro-prompts/1334	0	6	0%	4.17
https://www.curify-ai.com/en/nano-banana-pro-prompts/1007	0	6	0%	4.33
https://www.curify-ai.com/nano-template/template-mbti-generic/example/template-mbti-generic-friends-joey	0	6	0%	4.67
https://www.curify-ai.com/zh/nano-template/template-mbti-contrast-zh/example/template-mbti-contrast-zh-love-INFP-vs-ESTP-confession	0	6	0%	4.67
https://curify-ai.com/hi/blog/ae-vs-comfyui	0	6	0%	4.83
https://www.curify-ai.com/hi/nano-banana-pro-prompts/3101	0	6	0%	5
https://curify-ai.com/ru/nano-banana-pro-prompts/48	0	6	0%	5.17
https://www.curify-ai.com/ja/nano-banana-pro-prompts/132	0	6	0%	5.33
https://www.curify-ai.com/de/nano-banana-pro-prompts/2331	0	6	0%	5.5
https://curify-ai.com/en/nano-banana-pro-prompts/2238	0	6	0%	5.67
https://www.curify-ai.com/fr/blog/ai-youtube-video-translator	0	6	0%	5.83
https://curify-ai.com/en/nano-banana-pro-prompts/2025	0	6	0%	6
https://www.curify-ai.com/en/nano-banana-pro-prompts/193	0	6	0%	6
https://www.curify-ai.com/en/nano-banana-pro-prompts/3587	0	6	0%	6.17
https://www.curify-ai.com/en/workspace	0	6	0%	6.17
https://www.curify-ai.com/en/nano-banana-pro-prompts/3492	0	6	0%	6.33
https://www.curify-ai.com/de/nano-banana-pro-prompts/3994	0	6	0%	7
https://www.curify-ai.com/nano-banana-pro-prompts/3065	0	6	0%	7
https://www.curify-ai.com/tr/contact	0	6	0%	7.17
https://curify-ai.com/ko/nano-banana-pro-prompts/3041	0	6	0%	7.33
https://curify-ai.com/zh/nano-banana-pro-prompts/3548	0	6	0%	7.33
https://www.curify-ai.com/en/nano-banana-pro-prompts/3908	0	6	0%	7.33
https://curify-ai.com/hi/nano-banana-pro-prompts/2065	0	6	0%	7.67
https://curify-ai.com/ja/nano-banana-pro-prompts/745	0	6	0%	7.83
https://curify-ai.com/tr/nano-banana-pro-prompts/2101	0	6	0%	8.33
https://www.curify-ai.com/es/nano-banana-pro-prompts/3147	0	6	0%	8.5
https://curify-ai.com/fr/nano-banana-pro-prompts/597	0	6	0%	8.83
https://www.curify-ai.com/zh/nano-banana-pro-prompts/96	0	6	0%	9
https://curify-ai.com/en/nano-banana-pro-prompts/966	0	6	0%	9.17
https://www.curify-ai.com/tr/nano-banana-pro-prompts/1910	0	6	0%	9.33
https://curify-ai.com/ko/nano-banana-pro-prompts/2139	0	6	0%	12
https://www.curify-ai.com/fr/blog/f5-tts-voice-cloning	0	6	0%	13
https://www.curify-ai.com/es/blog/f5-tts-voice-cloning	0	6	0%	15.33
https://curify-ai.com/zh/nano-banana-pro-prompts/2652	0	6	0%	15.83
https://www.curify-ai.com/ru/blog/what-is-voice-cloning	0	6	0%	17.83
https://www.curify-ai.com/de/blog/translate-youtube-video	0	6	0%	42.67
https://www.curify-ai.com/de/nano-banana-pro-prompts/2366	0	5	0%	1.4
https://www.curify-ai.com/en/nano-banana-pro-prompts/3542	0	5	0%	3.8
https://curify-ai.com/zh/about	0	5	0%	4
https://www.curify-ai.com/en/nano-banana-pro-prompts/263	0	5	0%	4
https://curify-ai.com/tr/nano-banana-pro-prompts/2240	0	5	0%	4.2
https://www.curify-ai.com/en/nano-banana-pro-prompts/2013	0	5	0%	4.2
https://www.curify-ai.com/ja/about	0	5	0%	4.4
https://www.curify-ai.com/zh/nano-template/template-food	0	5	0%	4.4
https://curify-ai.com/ja/nano-banana-pro-prompts/2843	0	5	0%	4.6
https://www.curify-ai.com/en/nano-banana-pro-prompts/2837	0	5	0%	5.4
https://www.curify-ai.com/es/blog/video-enhancement	0	5	0%	5.6
https://www.curify-ai.com/hi/nano-banana-pro-prompts/530	0	5	0%	5.6
https://curify-ai.com/hi/nano-banana-pro-prompts/3994	0	5	0%	5.8
https://www.curify-ai.com/zh/nano-template/template-character-zh/example/template-character-zh-zhugeliang	0	5	0%	5.8
https://www.curify-ai.com/en/nano-banana-pro-prompts/275	0	5	0%	6
https://www.curify-ai.com/en/nano-banana-pro-prompts/54	0	5	0%	6
https://curify-ai.com/en/nano-banana-pro-prompts/2756	0	5	0%	6.2
https://curify-ai.com/fr/nano-banana-pro-prompts/1533	0	5	0%	6.2
https://curify-ai.com/zh/nano-banana-pro-prompts/1222	0	5	0%	6.2
https://curify-ai.com/de/nano-banana-pro-prompts/3950	0	5	0%	6.4
https://www.curify-ai.com/de/nano-banana-pro-prompts/2607	0	5	0%	6.4
https://www.curify-ai.com/zh/nano-banana-pro-prompts/2631	0	5	0%	6.4
https://www.curify-ai.com/ko/nano-banana-pro-prompts/2733	0	5	0%	6.6
https://www.curify-ai.com/tr/nano-banana-pro-prompts/2631	0	5	0%	6.6
https://www.curify-ai.com/tr/nano-banana-pro-prompts/2042	0	5	0%	6.8
https://www.curify-ai.com/zh/nano-template/template-mbti-contrast-zh	0	5	0%	6.8
https://curify-ai.com/ko/nano-banana-pro-prompts/257	0	5	0%	7
https://www.curify-ai.com/en/nano-banana-pro-prompts/3006	0	5	0%	7
https://curify-ai.com/es/nano-banana-pro-prompts/262	0	5	0%	7.2
https://www.curify-ai.com/fr/nano-banana-pro-prompts/33	0	5	0%	7.2
https://curify-ai.com/tr/nano-banana-pro-prompts/3919	0	5	0%	7.4
https://www.curify-ai.com/en/nano-template/template-costume-zh	0	5	0%	7.4
https://www.curify-ai.com/en/nano-banana-pro-prompts/2876	0	5	0%	7.6
https://www.curify-ai.com/es/nano-banana-pro-prompts/1146	0	5	0%	7.6
https://www.curify-ai.com/nano-template/template-portrait-retouching-blueprint	0	5	0%	7.6
https://www.curify-ai.com/en/nano-template/template-food	0	5	0%	7.8
https://www.curify-ai.com/ru/nano-banana-pro-prompts/204	0	5	0%	8
https://curify-ai.com/de/nano-banana-pro-prompts/1237	0	5	0%	8.2
https://curify-ai.com/de/nano-banana-pro-prompts/4306	0	5	0%	8.8
https://curify-ai.com/ko/nano-banana-pro-prompts/99	0	5	0%	8.8
https://www.curify-ai.com/en/nano-banana-pro-prompts/2455	0	5	0%	8.8
https://curify-ai.com/zh/nano-banana-pro-prompts/2212	0	5	0%	9.4
https://www.curify-ai.com/de/blog	0	5	0%	9.4
https://curify-ai.com/en/nano-banana-pro-prompts/1008	0	5	0%	9.8
https://www.curify-ai.com/en/nano-banana-pro-prompts/2292	0	5	0%	12.8
https://www.curify-ai.com/de/nano-banana-pro-prompts/2144	0	5	0%	15.8
https://curify-ai.com/en/nano-banana-pro-prompts/1983	0	5	0%	20.8
https://curify-ai.com/tr/nano-banana-pro-prompts/3292	0	5	0%	21.6
https://curify-ai.com/hi/nano-banana-pro-prompts/360	0	5	0%	25.2
https://www.curify-ai.com/ko/blog/translate-youtube-video-to-english	0	5	0%	29.6
https://www.curify-ai.com/en/nano-banana-pro-prompts/3281	0	4	0%	1
https://www.curify-ai.com/ko/nano-banana-pro-prompts/1119	0	4	0%	1.75
https://www.curify-ai.com/fr/nano-banana-pro-prompts/1489	0	4	0%	2
https://www.curify-ai.com/en/nano-banana-pro-prompts/4134	0	4	0%	2.25
https://www.curify-ai.com/ja/nano-banana-pro-prompts/3217	0	4	0%	2.5
https://curify-ai.com/ko/nano-banana-pro-prompts/1119	0	4	0%	2.75
https://curify-ai.com/de/nano-banana-pro-prompts/845	0	4	0%	3
https://www.curify-ai.com/en/nano-banana-pro-prompts/4268	0	4	0%	3
https://www.curify-ai.com/es/nano-banana-pro-prompts/1787	0	4	0%	3
https://www.curify-ai.com/nano-template/template-mbti-animal	0	4	0%	3
https://www.curify-ai.com/de/nano-banana-pro-prompts/3950	0	4	0%	3.25
https://www.curify-ai.com/nano-template/mbti-generic/example/template-mbti-generic-breaking-bad-en-walter-white	0	4	0%	3.25
https://curify-ai.com/fr/nano-banana-pro-prompts/3876	0	4	0%	3.5
https://www.curify-ai.com/en/nano-banana-pro-prompts/1123	0	4	0%	3.75
https://www.curify-ai.com/en/nano-banana-pro-prompts/794	0	4	0%	3.75
https://www.curify-ai.com/es/blog	0	4	0%	3.75
https://curify-ai.com/de/nano-banana-pro-prompts/3249	0	4	0%	4
https://www.curify-ai.com/en/nano-banana-pro-prompts/2248	0	4	0%	4
https://www.curify-ai.com/en/nano-banana-pro-prompts/4289	0	4	0%	4
https://curify-ai.com/zh/nano-banana-pro-prompts/3484	0	4	0%	4.25
https://www.curify-ai.com/hi/nano-banana-pro-prompts/3411	0	4	0%	4.25
https://www.curify-ai.com/zh/nano-banana-pro-prompts/786	0	4	0%	4.25
https://www.curify-ai.com/de/nano-banana-pro-prompts/2745	0	4	0%	4.5
https://www.curify-ai.com/en/nano-banana-pro-prompts/3496	0	4	0%	4.5
https://www.curify-ai.com/tr/nano-banana-pro-prompts/111	0	4	0%	4.75
https://curify-ai.com/en/nano-banana-pro-prompts/3492	0	4	0%	5
https://curify-ai.com/en/nano-banana-pro-prompts/76	0	4	0%	5
https://curify-ai.com/hi/nano-banana-pro-prompts/2712	0	4	0%	5
https://www.curify-ai.com/en/nano-banana-pro-prompts/2493	0	4	0%	5
https://www.curify-ai.com/tr/nano-banana-pro-prompts/2230	0	4	0%	5
https://www.curify-ai.com/ja/contact	0	4	0%	5.25
https://curify-ai.com/en/nano-banana-pro-prompts/2719	0	4	0%	5.5
https://curify-ai.com/fr/nano-banana-pro-prompts/33	0	4	0%	5.5
https://curify-ai.com/ja/nano-banana-pro-prompts/707	0	4	0%	5.5
https://www.curify-ai.com/zh/nano-banana-pro-prompts/29	0	4	0%	5.5
https://www.curify-ai.com/ja/nano-banana-pro-prompts/3733	0	4	0%	5.75
https://curify-ai.com/de/contact	0	4	0%	6
https://www.curify-ai.com/de/nano-banana-pro-prompts/2560	0	4	0%	6
https://www.curify-ai.com/de/nano-banana-pro-prompts/39	0	4	0%	6
https://www.curify-ai.com/en/nano-banana-pro-prompts/2190	0	4	0%	6
https://www.curify-ai.com/nano-banana-pro-prompts/2066	0	4	0%	6
https://curify-ai.com/de/nano-banana-pro-prompts/2720	0	4	0%	6.25
https://curify-ai.com/tr/nano-banana-pro-prompts/1518	0	4	0%	6.25
https://curify-ai.com/tr/nano-banana-pro-prompts/922	0	4	0%	6.25
https://www.curify-ai.com/en/nano-template/template-fruit	0	4	0%	6.25
https://www.curify-ai.com/ru/nano-banana-pro-prompts/413	0	4	0%	6.25
https://curify-ai.com/hi/nano-banana-pro-prompts/3338	0	4	0%	6.5
https://curify-ai.com/ru/nano-banana-pro-prompts/1153	0	4	0%	6.5
https://www.curify-ai.com/nano-template/character-zh	0	4	0%	6.5
https://www.curify-ai.com/nano-template/mbti-contrast-zh	0	4	0%	6.5
https://www.curify-ai.com/tr/nano-banana-pro-prompts/2501	0	4	0%	6.5
https://www.curify-ai.com/tr/nano-banana-pro-prompts/3354	0	4	0%	6.5
https://curify-ai.com/fr/nano-banana-pro-prompts/689	0	4	0%	6.75
https://www.curify-ai.com/zh/nano-banana-pro-prompts/853	0	4	0%	7
https://curify-ai.com/de/nano-banana-pro-prompts/967	0	4	0%	7.25
https://curify-ai.com/hi/nano-banana-pro-prompts/984	0	4	0%	7.25
https://curify-ai.com/ja/nano-banana-pro-prompts/4050	0	4	0%	7.25
https://curify-ai.com/en/nano-banana-pro-prompts/1415	0	4	0%	7.5
https://www.curify-ai.com/en/nano-banana-pro-prompts/772	0	4	0%	7.5
https://www.curify-ai.com/es/nano-banana-pro-prompts/2650	0	4	0%	7.5
https://www.curify-ai.com/es/nano-banana-pro-prompts/870	0	4	0%	7.5
https://curify-ai.com/es/bilingual-subtitles	0	4	0%	7.75
https://www.curify-ai.com/nano-template/template-fruit/example/template-fruit-en-kiwi	0	4	0%	7.75
https://curify-ai.com/en/nano-banana-pro-prompts/1080	0	4	0%	8
https://www.curify-ai.com/nano-banana-pro-prompts/3224	0	4	0%	8.25
https://curify-ai.com/es/nano-banana-pro-prompts/1234	0	4	0%	8.5
https://www.curify-ai.com/ru/blog/storyboard-labeling	0	4	0%	8.5
https://curify-ai.com/en/nano-banana-pro-prompts/2472	0	4	0%	8.75
https://www.curify-ai.com/es/tools/bilingual-subtitles	0	4	0%	8.75
https://curify-ai.com/ja/nano-banana-pro-prompts/2263	0	4	0%	9
https://curify-ai.com/tr/nano-banana-pro-prompts/2631	0	4	0%	9
https://www.curify-ai.com/en/nano-banana-pro-prompts/2238	0	4	0%	9.25
https://www.curify-ai.com/ja/nano-banana-pro-prompts/421	0	4	0%	9.25
https://www.curify-ai.com/de/nano-banana-pro-prompts/4209	0	4	0%	9.5
https://www.curify-ai.com/de/nano-banana-pro-prompts/61	0	4	0%	9.5
https://curify-ai.com/en/nano-banana-pro-prompts/1054	0	4	0%	10.5
https://curify-ai.com/ru/nano-banana-pro-prompts/3511	0	4	0%	10.75
https://www.curify-ai.com/en/nano-banana-pro-prompts/39	0	4	0%	10.75
https://curify-ai.com/ja/nano-banana-pro-prompts/132	0	4	0%	12.25
https://www.curify-ai.com/de/nano-template/education-zh	0	4	0%	13.25
https://curify-ai.com/ja/nano-banana-pro-prompts/3241	0	4	0%	18.75
https://curify-ai.com/es/nano-banana-pro-prompts/2066	0	4	0%	20
https://curify-ai.com/tr/nano-banana-pro-prompts/3354	0	4	0%	20
https://www.curify-ai.com/en/nano-banana-pro-prompts/959	0	4	0%	31.5
https://www.curify-ai.com/en/blog/QA_Bot_to_Task	0	4	0%	49.75
https://www.curify-ai.com/ja/nano-banana-pro-prompts/3202	0	4	0%	71.75
https://curify-ai.com/fr/nano-banana-pro-prompts/275	0	3	0%	2
https://www.curify-ai.com/en/nano-banana-pro-prompts/2927	0	3	0%	2
https://www.curify-ai.com/en/nano-banana-pro-prompts/842	0	3	0%	2
https://www.curify-ai.com/en/pricing	0	3	0%	2
https://www.curify-ai.com/ko/nano-banana-pro-prompts/715	0	3	0%	2
https://curify-ai.com/de/blog	0	3	0%	2.33
https://curify-ai.com/fr/nano-banana-pro-prompts/1345	0	3	0%	2.33
https://www.curify-ai.com/en/nano-banana-pro-prompts/554	0	3	0%	2.33
https://curify-ai.com/ja/nano-banana-pro-prompts/3217	0	3	0%	2.67
https://www.curify-ai.com/hi/nano-banana-pro-prompts/4256	0	3	0%	2.67
https://curify-ai.com/de/nano-banana-pro-prompts/1001	0	3	0%	3
https://curify-ai.com/zh/nano-banana-pro-prompts/2851	0	3	0%	3
https://www.curify-ai.com/es/nano-banana-pro-prompts/1637	0	3	0%	3
https://curify-ai.com/tr/nano-banana-pro-prompts/2781	0	3	0%	3.33
https://www.curify-ai.com/en/nano-banana-pro-prompts/723	0	3	0%	3.33
https://curify-ai.com/hi/nano-banana-pro-prompts/4202	0	3	0%	3.67
https://www.curify-ai.com/en/nano-banana-pro-prompts/3658	0	3	0%	3.67
https://www.curify-ai.com/tr/nano-banana-pro-prompts/2101	0	3	0%	3.67
https://curify-ai.com/en/nano-banana-pro-prompts/653	0	3	0%	4
https://curify-ai.com/ko/nano-banana-pro-prompts/193	0	3	0%	4
https://curify-ai.com/ru/nano-banana-pro-prompts/4121	0	3	0%	4
https://www.curify-ai.com/es/blog/voice-cloning-tools	0	3	0%	4
https://www.curify-ai.com/hi/nano-banana-pro-prompts/243	0	3	0%	4
https://www.curify-ai.com/nano-template/template-education-card	0	3	0%	4
https://curify-ai.com/de/nano-banana-pro-prompts/2916	0	3	0%	4.33
https://curify-ai.com/en/nano-banana-pro-prompts/1996	0	3	0%	4.33
https://curify-ai.com/ja/nano-banana-pro-prompts/2281	0	3	0%	4.33
https://curify-ai.com/ru/nano-banana-pro-prompts/2190	0	3	0%	4.33
https://www.curify-ai.com/de/nano-banana-pro-prompts/2895	0	3	0%	4.33
https://www.curify-ai.com/en/nano-template/template-solar-term	0	3	0%	4.33
https://www.curify-ai.com/tr/nano-banana-pro-prompts/1616	0	3	0%	4.33
https://www.curify-ai.com/zh/nano-template/template-character-analysis-zh	0	3	0%	4.33
https://curify-ai.com/de/about	0	3	0%	4.67
https://curify-ai.com/es/nano-banana-pro-prompts/1921	0	3	0%	4.67
https://www.curify-ai.com/de/nano-banana-pro-prompts/4304	0	3	0%	4.67
https://www.curify-ai.com/en/nano-banana-pro-prompts/2689	0	3	0%	4.67
https://www.curify-ai.com/en/nano-banana-pro-prompts/2983	0	3	0%	4.67
https://www.curify-ai.com/hi/nano-banana-pro-prompts/128	0	3	0%	4.67
https://www.curify-ai.com/nano-template/mbti-generic/example/template-mbti-generic-HongLouMeng-zh-Miaoyu	0	3	0%	4.67
https://www.curify-ai.com/nano-template/template-food/example/template-food-en-tom-yum-soup	0	3	0%	4.67
https://curify-ai.com/de/nano-banana-pro-prompts/2196	0	3	0%	5
https://curify-ai.com/hi/nano-banana-pro-prompts/3002	0	3	0%	5
https://www.curify-ai.com/en/nano-banana-pro-prompts/1967	0	3	0%	5
https://www.curify-ai.com/en/nano-template/template-character-analysis-zh/example/template-character-analysis-zh-sun-wukong	0	3	0%	5
https://www.curify-ai.com/ko/tools/bilingual-subtitles	0	3	0%	5
https://www.curify-ai.com/zh/nano-template/template-travel-zh	0	3	0%	5
https://curify-ai.com/hi/nano-banana-pro-prompts/887	0	3	0%	5.33
https://www.curify-ai.com/zh/nano-banana-pro-prompts/3859	0	3	0%	5.33
https://curify-ai.com/de/nano-banana-pro-prompts/3755	0	3	0%	5.67
https://curify-ai.com/tr/nano-banana-pro-prompts/2230	0	3	0%	5.67
https://curify-ai.com/zh/nano-banana-pro-prompts/762	0	3	0%	5.67
https://www.curify-ai.com/fr/nano-banana-pro-prompts/217	0	3	0%	5.67
https://curify-ai.com/de/nano-banana-pro-prompts/706	0	3	0%	6
https://curify-ai.com/es/nano-banana-pro-prompts/1876	0	3	0%	6
https://curify-ai.com/tr/nano-banana-pro-prompts/1771	0	3	0%	6
https://www.curify-ai.com/en/nano-banana-pro-prompts/1958	0	3	0%	6
https://www.curify-ai.com/en/nano-banana-pro-prompts/4075	0	3	0%	6
https://www.curify-ai.com/ja/nano-template/mbti-generic	0	3	0%	6
https://www.curify-ai.com/zh/nano-template/template-character-comparison	0	3	0%	6
https://www.curify-ai.com/zh/tools/bilingual-subtitles	0	3	0%	6
https://curify-ai.com/ja/nano-banana-pro-prompts/2510	0	3	0%	6.33
https://www.curify-ai.com/en/nano-template/template-word-scene	0	3	0%	6.33
https://www.curify-ai.com/nano-template/mbti-generic/example/template-mbti-generic-myth-zh-esfp-esfj-isfp-isfj	0	3	0%	6.33
https://curify-ai.com/ja/nano-banana-pro-prompts/3733	0	3	0%	6.67
https://curify-ai.com/ko/nano-banana-pro-prompts/715	0	3	0%	6.67
https://www.curify-ai.com/de/nano-banana-pro-prompts/551	0	3	0%	6.67
https://www.curify-ai.com/es/nano-banana-pro-prompts/641	0	3	0%	6.67
https://www.curify-ai.com/ja/nano-banana-pro-prompts/2843	0	3	0%	6.67
https://www.curify-ai.com/ru/nano-banana-pro-prompts/1306	0	3	0%	6.67
https://curify-ai.com/en/nano-banana-pro-prompts/2514	0	3	0%	7
https://curify-ai.com/en/nano-banana-pro-prompts/3994	0	3	0%	7
https://curify-ai.com/ja/nano-banana-pro-prompts/1757	0	3	0%	7
https://www.curify-ai.com/en/nano-banana-pro-prompts/1688	0	3	0%	7
https://www.curify-ai.com/ja/nano-banana-pro-prompts/2064	0	3	0%	7
https://www.curify-ai.com/ru/nano-banana-pro-prompts/2605	0	3	0%	7
https://curify-ai.com/es/nano-banana-pro-prompts/2650	0	3	0%	7.33
https://www.curify-ai.com/en/nano-template/education-zh	0	3	0%	7.33
https://www.curify-ai.com/en/nano-template/template-character-analysis-zh/example/template-character-analysis-zh-zhu-bajie	0	3	0%	7.33
https://curify-ai.com/en/nano-banana-pro-prompts/2155	0	3	0%	7.67
https://www.curify-ai.com/hi/nano-banana-pro-prompts/3416	0	3	0%	7.67
https://www.curify-ai.com/zh/nano-banana-pro-prompts/836	0	3	0%	7.67
https://curify-ai.com/ja/nano-banana-pro-prompts/3292	0	3	0%	8
https://www.curify-ai.com/nano-template/template-word-scene/example/template-word-scene-zh-shinchan-hot-pot	0	3	0%	8
https://curify-ai.com/fr/nano-banana-pro-prompts/1010	0	3	0%	8.33
https://www.curify-ai.com/zh/nano-template/template-herbal-zh	0	3	0%	8.33
https://curify-ai.com/en/nano-banana-pro-prompts/1953	0	3	0%	8.67
https://www.curify-ai.com/de/nano-banana-pro-prompts/2204	0	3	0%	8.67
https://www.curify-ai.com/de/nano-banana-pro-prompts/3203	0	3	0%	8.67
https://curify-ai.com/de/nano-banana-pro-prompts/445	0	3	0%	9
https://curify-ai.com/tr/nano-banana-pro-prompts/853	0	3	0%	9
https://www.curify-ai.com/en/nano-banana-pro-prompts/893	0	3	0%	9
https://www.curify-ai.com/ko/blog/translate-youtube-video	0	3	0%	9
https://www.curify-ai.com/nano-template/template-fashion-ecommerce/example/template-fashion-ecommerce-zh-shoes	0	3	0%	9
https://www.curify-ai.com/hi/nano-banana-pro-prompts/4215	0	3	0%	9.33
https://www.curify-ai.com/en/nano-banana-pro-prompts/697	0	3	0%	9.67
https://curify-ai.com/zh/nano-banana-pro-prompts/3937	0	3	0%	10
https://curify-ai.com/es/nano-banana-pro-prompts/3822	0	3	0%	11.33
https://curify-ai.com/fr/nano-banana-pro-prompts/2918	0	3	0%	11.33
https://www.curify-ai.com/en/nano-banana-pro-prompts/3166	0	3	0%	11.33
https://curify-ai.com/en/nano-banana-pro-prompts/168	0	3	0%	12.33
https://www.curify-ai.com/zh/tools/video-dubbing	0	3	0%	14
https://curify-ai.com/de/nano-banana-pro-prompts/2341	0	3	0%	18
https://curify-ai.com/en/nano-banana-pro-prompts/2702	0	3	0%	22.67
https://www.curify-ai.com/hi/nano-banana-pro-prompts/2333	0	3	0%	24.67
https://curify-ai.com/en/nano-banana-pro-prompts/1942	0	3	0%	28.33
https://www.curify-ai.com/en/nano-banana-pro-prompts/2951	0	3	0%	40
https://curify-ai.com/es/nano-banana-pro-prompts/745	0	2	0%	1
https://www.curify-ai.com/en/nano-banana-pro-prompts/4249	0	2	0%	1
https://www.curify-ai.com/nano-template/mbti-animal/example/template-mbti-animal-zh-supermarket	0	2	0%	1
https://www.curify-ai.com/nano-template/template-word-scene/example/template-word-scene-zh-military-base  2	0	2	0%	1
https://curify-ai.com/ja	0	2	0%	1.5
https://curify-ai.com/ko/nano-banana-pro-prompts/1496	0	2	0%	1.5
https://curify-ai.com/tr/nano-banana-pro-prompts/111	0	2	0%	1.5
https://www.curify-ai.com/nano-template/template-fruit/example/template-fruit-en-raspberry	0	2	0%	1.5
https://curify-ai.com/en/nano-banana-pro-prompts/2850	0	2	0%	2
https://www.curify-ai.com/en/nano-banana-pro-prompts/2660	0	2	0%	2
https://www.curify-ai.com/tr/nano-banana-pro-prompts/190	0	2	0%	2
https://curify-ai.com/de/nano-banana-pro-prompts/2144	0	2	0%	2.5
https://curify-ai.com/en/nano-banana-pro-prompts/2013	0	2	0%	2.5
https://curify-ai.com/en/nano-banana-pro-prompts/962	0	2	0%	2.5
https://www.curify-ai.com/nano-template/mbti-animal/example/template-mbti-animal-zh-cafe  2	0	2	0%	2.5
https://www.curify-ai.com/nano-template/template-word-scene/example/template-word-scene-zh-student-classroom	0	2	0%	2.5
https://www.curify-ai.com/ru/nano-banana-pro-prompts/3042	0	2	0%	2.5
https://curify-ai.com/de/nano-banana-pro-prompts/1202	0	2	0%	3
https://curify-ai.com/de/nano-banana-pro-prompts/3835	0	2	0%	3
https://curify-ai.com/en/nano-banana-pro-prompts/2206	0	2	0%	3
https://curify-ai.com/en/nano-banana-pro-prompts/3532	0	2	0%	3
https://curify-ai.com/en/nano-banana-pro-prompts/981	0	2	0%	3
https://curify-ai.com/zh/nano-banana-pro-prompts/1737	0	2	0%	3
https://www.curify-ai.com/de/nano-banana-pro-prompts/1126	0	2	0%	3
https://www.curify-ai.com/de/nano-banana-pro-prompts/1345	0	2	0%	3
https://www.curify-ai.com/en/nano-banana-pro-prompts/3523	0	2	0%	3
https://www.curify-ai.com/es	0	2	0%	3
https://www.curify-ai.com/es/nano-banana-pro-prompts/2248	0	2	0%	3
https://www.curify-ai.com/ja/nano-banana-pro-prompts/3165	0	2	0%	3
https://www.curify-ai.com/ja/nano-banana-pro-prompts/3892	0	2	0%	3
https://www.curify-ai.com/nano-template/mbti-animal/example/template-mbti-animal-zh-supermarket  6	0	2	0%	3
https://www.curify-ai.com/zh/nano-banana-pro-prompts/1176	0	2	0%	3
https://www.curify-ai.com/zh/nano-banana-pro-prompts/2951	0	2	0%	3
https://curify-ai.com/de/nano-banana-pro-prompts/2366	0	2	0%	3.5
https://curify-ai.com/en/nano-banana-pro-prompts/50	0	2	0%	3.5
https://curify-ai.com/es/nano-banana-pro-prompts/76	0	2	0%	3.5
https://curify-ai.com/tr/nano-banana-pro-prompts/607	0	2	0%	3.5
https://www.curify-ai.com/en/nano-template/recipe-zh	0	2	0%	3.5
https://www.curify-ai.com/zh/nano-banana-pro-prompts/3268	0	2	0%	3.5
https://curify-ai.com/de/nano-banana-pro-prompts/3229	0	2	0%	4
https://curify-ai.com/en/nano-banana-pro-prompts/3033	0	2	0%	4
https://curify-ai.com/en/nano-banana-pro-prompts/411	0	2	0%	4
https://curify-ai.com/ru/nano-banana-pro-prompts/2455	0	2	0%	4
https://www.curify-ai.com/en/nano-template/template-education-card/example/template-education-card-resource-environmental-carrying-capacity	0	2	0%	4
https://www.curify-ai.com/nano-template/template-food/example/template-food-en-taco	0	2	0%	4
https://www.curify-ai.com/nano-template/word-scene/example/template-word-scene-zh-shinchan-stadium	0	2	0%	4
https://www.curify-ai.com/zh/nano-template/template-education-card	0	2	0%	4
https://curify-ai.com/de/nano-banana-pro-prompts/2502	0	2	0%	4.5
https://curify-ai.com/de/nano-banana-pro-prompts/2734	0	2	0%	4.5
https://curify-ai.com/tr/nano-banana-pro-prompts/1161	0	2	0%	4.5
https://www.curify-ai.com/de/nano-banana-pro-prompts/4134	0	2	0%	4.5
https://www.curify-ai.com/en/nano-banana-pro-prompts/2416	0	2	0%	4.5
https://www.curify-ai.com/ko/blog/video-evaluation	0	2	0%	4.5
https://www.curify-ai.com/ko/nano-banana-pro-prompts/2631	0	2	0%	4.5
https://www.curify-ai.com/nano-template/template-fashion-ecommerce/example/template-fashion-ecommerce-zh-jacket	0	2	0%	4.5
https://curify-ai.com/ru/nano-banana-pro-prompts/3622	0	2	0%	5
https://curify-ai.com/tr/nano-banana-pro-prompts/720	0	2	0%	5
https://www.curify-ai.com/de/nano-banana-pro-prompts/1008	0	2	0%	5
https://www.curify-ai.com/de/nano-banana-pro-prompts/2954	0	2	0%	5
https://www.curify-ai.com/es/nano-banana-pro-prompts/154	0	2	0%	5
https://www.curify-ai.com/es/nano-banana-pro-prompts/2470	0	2	0%	5
https://www.curify-ai.com/ja/nano-banana-pro-prompts/711	0	2	0%	5
https://www.curify-ai.com/tr/nano-banana-pro-prompts/1728	0	2	0%	5
https://www.curify-ai.com/zh/nano-banana-pro-prompts/1024	0	2	0%	5
https://www.curify-ai.com/zh/nano-template/template-mbti-animal	0	2	0%	5
https://curify-ai.com/de/nano-banana-pro-prompts/2558	0	2	0%	5.5
https://curify-ai.com/de/nano-banana-pro-prompts/4134	0	2	0%	5.5
https://curify-ai.com/es/nano-banana-pro-prompts/1140	0	2	0%	5.5
https://curify-ai.com/hi/nano-banana-pro-prompts/530	0	2	0%	5.5
https://curify-ai.com/ru/nano-banana-pro-prompts/684	0	2	0%	5.5
https://curify-ai.com/zh/nano-banana-pro-prompts/836	0	2	0%	5.5
https://www.curify-ai.com/en/nano-banana-pro-prompts/1077	0	2	0%	5.5
https://www.curify-ai.com/es/nano-banana-pro-prompts/1244	0	2	0%	5.5
https://www.curify-ai.com/fr/nano-banana-pro-prompts/2715	0	2	0%	5.5
https://www.curify-ai.com/ko/nano-banana-pro-prompts/2139	0	2	0%	5.5
https://www.curify-ai.com/tr/nano-banana-pro-prompts/1753	0	2	0%	5.5
https://www.curify-ai.com/tr/nano-banana-pro-prompts/835	0	2	0%	5.5
https://www.curify-ai.com/zh/blog/what-is-voice-cloning	0	2	0%	5.5
https://www.curify-ai.com/zh/nano-template/character-comparison	0	2	0%	5.5
https://curify-ai.com/es/nano-banana-pro-prompts/3024	0	2	0%	6
https://curify-ai.com/tr/nano-banana-pro-prompts/121	0	2	0%	6
https://curify-ai.com/tr/nano-banana-pro-prompts/219	0	2	0%	6
https://curify-ai.com/tr/nano-banana-pro-prompts/590	0	2	0%	6
https://curify-ai.com/zh/nano-banana-pro-prompts/786	0	2	0%	6
https://www.curify-ai.com/en/nano-banana-pro-prompts/1129	0	2	0%	6
https://www.curify-ai.com/en/nano-banana-pro-prompts/135	0	2	0%	6
https://www.curify-ai.com/en/nano-template/template-evolution	0	2	0%	6
https://www.curify-ai.com/es/nano-banana-pro-prompts/2631	0	2	0%	6
https://www.curify-ai.com/es/nano-banana-pro-prompts/967	0	2	0%	6
https://www.curify-ai.com/fr/nano-banana-pro-prompts/1738	0	2	0%	6
https://www.curify-ai.com/ko/nano-banana-pro-prompts/1217	0	2	0%	6
https://curify-ai.com/de/nano-banana-pro-prompts/1201	0	2	0%	6.5
https://curify-ai.com/de/nano-banana-pro-prompts/2607	0	2	0%	6.5
https://curify-ai.com/en/nano-banana-pro-prompts/772	0	2	0%	6.5
https://curify-ai.com/es/nano-banana-pro-prompts/1996	0	2	0%	6.5
https://curify-ai.com/hi/nano-banana-pro-prompts/2848	0	2	0%	6.5
https://curify-ai.com/ja/nano-banana-pro-prompts/711	0	2	0%	6.5
https://curify-ai.com/ja/nano-banana-pro-prompts/725	0	2	0%	6.5
https://www.curify-ai.com/es/nano-banana-pro-prompts/3822	0	2	0%	6.5
https://www.curify-ai.com/es/nano-banana-pro-prompts/4260	0	2	0%	6.5
https://www.curify-ai.com/es/nano-template/mbti-generic	0	2	0%	6.5
https://www.curify-ai.com/hi/blog	0	2	0%	6.5
https://www.curify-ai.com/hi/blog/translate-youtube-video-to-english	0	2	0%	6.5
https://www.curify-ai.com/hi/nano-banana-pro-prompts/2406	0	2	0%	6.5
https://www.curify-ai.com/ja/nano-banana-pro-prompts/2231	0	2	0%	6.5
https://www.curify-ai.com/nano-template/mbti-generic/example/template-mbti-generic-en-Germany	0	2	0%	6.5
https://www.curify-ai.com/nano-template/template-character-comparison	0	2	0%	6.5
https://www.curify-ai.com/tr/nano-banana-pro-prompts/1372	0	2	0%	6.5
https://curify-ai.com/en/nano-banana-pro-prompts/1206	0	2	0%	7
https://curify-ai.com/es/nano-banana-pro-prompts/2920	0	2	0%	7
https://www.curify-ai.com/en/nano-banana-pro-prompts/2366	0	2	0%	7
https://www.curify-ai.com/en/nano-banana-pro-prompts/4151	0	2	0%	7
https://www.curify-ai.com/en/nano-template/template-cultural-relic-retro-infographic	0	2	0%	7
https://www.curify-ai.com/nano-template/mbti-generic/example/template-mbti-generic-breaking-bad-en-gus-fring	0	2	0%	7
https://www.curify-ai.com/zh/nano-banana-pro-prompts/1222	0	2	0%	7
https://curify-ai.com/es/nano-banana-pro-prompts/2300	0	2	0%	7.5
https://curify-ai.com/es/nano-banana-pro-prompts/3147	0	2	0%	7.5
https://curify-ai.com/es/nano-banana-pro-prompts/3916	0	2	0%	7.5
https://curify-ai.com/fr/nano-banana-pro-prompts/407	0	2	0%	7.5
https://curify-ai.com/hi/nano-banana-pro-prompts/2567	0	2	0%	7.5
https://curify-ai.com/ru/nano-banana-pro-prompts/1166	0	2	0%	7.5
https://curify-ai.com/tr/nano-banana-pro-prompts/2811	0	2	0%	7.5
https://curify-ai.com/zh/nano-banana-pro-prompts/967	0	2	0%	7.5
https://www.curify-ai.com/de/contact	0	2	0%	7.5
https://www.curify-ai.com/en/nano-banana-pro-prompts/1750	0	2	0%	7.5
https://www.curify-ai.com/en/nano-template/template-species-zh/example/template-species-zh-giant-panda	0	2	0%	7.5
https://www.curify-ai.com/es/nano-banana-pro-prompts/2300	0	2	0%	7.5
https://www.curify-ai.com/ja/nano-template/template-travel-zh	0	2	0%	7.5
https://www.curify-ai.com/nano-template/template-character-zh	0	2	0%	7.5
https://www.curify-ai.com/tr/nano-banana-pro-prompts/3632	0	2	0%	7.5
https://www.curify-ai.com/zh/nano-template/mbti-animal	0	2	0%	7.5
https://curify-ai.com/de/nano-banana-pro-prompts/1831	0	2	0%	8
https://curify-ai.com/de/nano-banana-pro-prompts/2784	0	2	0%	8
https://curify-ai.com/en/nano-banana-pro-prompts/1026	0	2	0%	8
https://curify-ai.com/hi/nano-banana-pro-prompts/2887	0	2	0%	8
https://curify-ai.com/zh/nano-banana-pro-prompts/2888	0	2	0%	8
https://curify-ai.com/zh/nano-banana-pro-prompts/549	0	2	0%	8
https://www.curify-ai.com/de/nano-banana-pro-prompts/2522	0	2	0%	8
https://www.curify-ai.com/en/nano-banana-pro-prompts/1133	0	2	0%	8
https://www.curify-ai.com/es/nano-banana-pro-prompts/1002	0	2	0%	8
https://www.curify-ai.com/hi/nano-banana-pro-prompts/937	0	2	0%	8
https://www.curify-ai.com/tr/nano-banana-pro-prompts/4055	0	2	0%	8
https://curify-ai.com/en/nano-banana-pro-prompts/1919	0	2	0%	8.5
https://curify-ai.com/en/nano-banana-pro-prompts/917	0	2	0%	8.5
https://curify-ai.com/fr/nano-banana-pro-prompts/3768	0	2	0%	8.5
https://curify-ai.com/hi/nano-banana-pro-prompts/2530	0	2	0%	8.5
https://curify-ai.com/hi/nano-banana-pro-prompts/4304	0	2	0%	8.5
https://curify-ai.com/tr/nano-banana-pro-prompts/2454	0	2	0%	8.5
https://www.curify-ai.com/de/nano-banana-pro-prompts/2216	0	2	0%	8.5
https://www.curify-ai.com/en/nano-banana-pro-prompts/2403	0	2	0%	8.5
https://www.curify-ai.com/en/nano-banana-pro-prompts/2405	0	2	0%	8.5
https://www.curify-ai.com/fr/nano-banana-pro-prompts/4304	0	2	0%	8.5
https://www.curify-ai.com/ja/nano-banana-pro-prompts/3396	0	2	0%	8.5
https://www.curify-ai.com/ko/blog/evolution-timelines-visualization	0	2	0%	8.5
https://www.curify-ai.com/nano-template/template-fruit/example/template-fruit-en-durian	0	2	0%	8.5
https://curify-ai.com/de/nano-banana-pro-prompts/155	0	2	0%	9
https://curify-ai.com/en/nano-banana-pro-prompts/4185	0	2	0%	9
https://curify-ai.com/tr/nano-banana-pro-prompts/2416	0	2	0%	9
https://curify-ai.com/zh/nano-banana-pro-prompts/3786	0	2	0%	9
https://www.curify-ai.com/de/nano-banana-pro-prompts/2819	0	2	0%	9
https://www.curify-ai.com/en/nano-banana-pro-prompts/2648	0	2	0%	9
https://www.curify-ai.com/es/nano-banana-pro-prompts/1433	0	2	0%	9
https://www.curify-ai.com/ja/nano-banana-pro-prompts/745	0	2	0%	9
https://www.curify-ai.com/ko/nano-banana-pro-prompts/1189	0	2	0%	9
https://www.curify-ai.com/nano-template/template-what-if-history/example/template-what-if-history-zheng-he-america	0	2	0%	9
https://www.curify-ai.com/tr/blog/storyboard-to-pipeline	0	2	0%	9
https://curify-ai.com/es/nano-banana-pro-prompts/1705	0	2	0%	9.5
https://curify-ai.com/ja/nano-banana-pro-prompts/2064	0	2	0%	9.5
https://www.curify-ai.com/es/nano-banana-pro-prompts/4232	0	2	0%	9.5
https://www.curify-ai.com/zh/nano-banana-pro-prompts/1958	0	2	0%	9.5
https://www.curify-ai.com/zh/nano-template/mbti-generic/example/template-mbti-generic-ai-founders-en-sundar	0	2	0%	9.5
https://curify-ai.com/ja/nano-banana-pro-prompts/967	0	2	0%	10
https://curify-ai.com/ru/nano-banana-pro-prompts/3425	0	2	0%	10
https://curify-ai.com/tr/nano-banana-pro-prompts/597	0	2	0%	10
https://www.curify-ai.com/en/nano-banana-pro-prompts/532	0	2	0%	10
https://www.curify-ai.com/ja/nano-banana-pro-prompts/3266	0	2	0%	10
https://www.curify-ai.com/zh/nano-template/template-education-card/example/template-education-card-resource-environmental-carrying-capacity	0	2	0%	10
https://curify-ai.com/es/nano-banana-pro-prompts/755	0	2	0%	10.5
https://curify-ai.com/ja/nano-banana-pro-prompts/3266	0	2	0%	10.5
https://curify-ai.com/zh/nano-banana-pro-prompts/1162	0	2	0%	10.5
https://www.curify-ai.com/en/nano-banana-pro-prompts/257	0	2	0%	10.5
https://www.curify-ai.com/en/nano-banana-pro-prompts/4039	0	2	0%	10.5
https://www.curify-ai.com/es/nano-banana-pro-prompts/3845	0	2	0%	10.5
https://www.curify-ai.com/nano-template/template-word-scene/example/template-word-scene-zh-ski-resort	0	2	0%	10.5
https://www.curify-ai.com/tr/nano-banana-pro-prompts/2240	0	2	0%	10.5
https://curify-ai.com/de/nano-banana-pro-prompts/2895	0	2	0%	11
https://curify-ai.com/hi/nano-banana-pro-prompts/2479	0	2	0%	11
https://curify-ai.com/ru/nano-banana-pro-prompts/1306	0	2	0%	11
https://curify-ai.com/zh/nano-banana-pro-prompts/2680	0	2	0%	11
https://www.curify-ai.com/tr/nano-banana-pro-prompts/3754	0	2	0%	11
https://curify-ai.com/de/nano-banana-pro-prompts/61	0	2	0%	12
https://www.curify-ai.com/zh/nano-banana-pro-prompts/188	0	2	0%	12
https://www.curify-ai.com/zh/nano-banana-pro-prompts/754	0	2	0%	12.5
https://curify-ai.com/en/nano-banana-pro-prompts/513	0	2	0%	13
https://www.curify-ai.com/nano-banana-pro-prompts/3236	0	2	0%	13
https://www.curify-ai.com/nano-template/template-book-series	0	2	0%	13.5
https://www.curify-ai.com/en/nano-banana-pro-prompts/2607	0	2	0%	14
https://www.curify-ai.com/en/nano-banana-pro-prompts/2760	0	2	0%	16.5
https://www.curify-ai.com/en/nano-banana-pro-prompts/826	0	2	0%	16.5
https://curify-ai.com/zh/nano-banana-pro-prompts/2963	0	2	0%	17
https://www.curify-ai.com/de/nano-banana-pro-prompts/2916	0	2	0%	17
https://www.curify-ai.com/en/nano-banana-pro-prompts/4261	0	2	0%	17
https://curify-ai.com/es/nano-banana-pro-prompts/355	0	2	0%	18
https://www.curify-ai.com/hi/nano-banana-pro-prompts/2779	0	2	0%	18
https://www.curify-ai.com/nano-template/template-costume-zh/example/template-costume-zh-song-beizi	0	2	0%	18.5
https://www.curify-ai.com/tr/nano-banana-pro-prompts/3993	0	2	0%	18.5
https://curify-ai.com/en/nano-banana-pro-prompts/4039	0	2	0%	19
https://www.curify-ai.com/en/nano-banana-pro-prompts/3584	0	2	0%	19
https://www.curify-ai.com/tr/nano-banana-pro-prompts/219	0	2	0%	19
https://www.curify-ai.com/fr/nano-banana-pro-prompts/597	0	2	0%	20
https://curify-ai.com/ja/nano-banana-pro-prompts/1942	0	2	0%	21
https://www.curify-ai.com/zh/nano-template/template-character-zh/example/template-character-zh-baiqi	0	2	0%	22
https://curify-ai.com/de/nano-banana-pro-prompts/3338	0	2	0%	22.5
https://curify-ai.com/de/nano-banana-pro-prompts/4209	0	2	0%	29.5
https://curify-ai.com/es/nano-banana-pro-prompts/135	0	2	0%	33
https://www.curify-ai.com/nano-template/template-character-zh/example/template-character-zh-baiqi	0	2	0%	35
https://www.curify-ai.com/tr/blog/translate-youtube-video	0	2	0%	36
https://curify-ai.com/zh/nano-banana-pro-prompts/2107	0	2	0%	36.5
https://www.curify-ai.com/nano-banana-pro-prompts	0	2	0%	41
https://www.curify-ai.com/en/nano-banana-pro-prompts/823	0	2	0%	74
https://curify-ai.com/en/nano-banana-pro-prompts/3788	0	2	0%	75.5
https://curify-ai.com/de/nano-banana-pro-prompts/3868	0	1	0%	1
https://curify-ai.com/de/nano-banana-pro-prompts/480	0	1	0%	1
https://curify-ai.com/en/nano-banana-pro-prompts/2052	0	1	0%	1
https://curify-ai.com/en/nano-banana-pro-prompts/4261	0	1	0%	1
https://curify-ai.com/es/nano-banana-pro-prompts/1036	0	1	0%	1
https://curify-ai.com/es/nano-banana-pro-prompts/3788	0	1	0%	1
https://curify-ai.com/fr/nano-banana-pro-prompts/217	0	1	0%	1
https://curify-ai.com/ja/nano-banana-pro-prompts/2866	0	1	0%	1
https://curify-ai.com/ja/nano-banana-pro-prompts/421	0	1	0%	1
https://curify-ai.com/tr/nano-banana-pro-prompts/1787	0	1	0%	1
https://curify-ai.com/zh/nano-banana-pro-prompts/2602	0	1	0%	1
https://www.curify-ai.com/de/nano-banana-pro-prompts/1202	0	1	0%	1
https://www.curify-ai.com/de/nano-banana-pro-prompts/3261	0	1	0%	1
https://www.curify-ai.com/en/nano-banana-pro-prompts/2675	0	1	0%	1
https://www.curify-ai.com/en/nano-banana-pro-prompts/2958	0	1	0%	1
https://www.curify-ai.com/en/nano-banana-pro-prompts/3892	0	1	0%	1
https://www.curify-ai.com/en/nano-banana-pro-prompts/3991	0	1	0%	1
https://www.curify-ai.com/en/nano-banana-pro-prompts/897	0	1	0%	1
https://www.curify-ai.com/en/nano-template/template-character-zh/example/template-character-zh-academic-sun-wukong	0	1	0%	1
https://www.curify-ai.com/en/nano-template/template-constellation-steampunk-zh	0	1	0%	1
https://www.curify-ai.com/es/nano-banana-pro-prompts/2819	0	1	0%	1
https://www.curify-ai.com/fr/nano-banana-pro-prompts/2891	0	1	0%	1
https://www.curify-ai.com/hi/nano-banana-pro-prompts/1872	0	1	0%	1
https://www.curify-ai.com/inspiration-hub	0	1	0%	1
https://www.curify-ai.com/ja/nano-banana-pro-prompts/1041	0	1	0%	1
https://www.curify-ai.com/ja/nano-banana-pro-prompts/1107	0	1	0%	1
https://www.curify-ai.com/ja/video-dubbing	0	1	0%	1
https://www.curify-ai.com/ko/nano-banana-pro-prompts/31	0	1	0%	1
https://www.curify-ai.com/tools	0	1	0%	1
https://www.curify-ai.com/tr/nano-banana-pro-prompts/2309	0	1	0%	1
https://www.curify-ai.com/tr/nano-banana-pro-prompts/3663	0	1	0%	1
https://www.curify-ai.com/tr/nano-banana-pro-prompts/720	0	1	0%	1
https://www.curify-ai.com/zh/nano-banana-pro-prompts/2739	0	1	0%	1
https://www.curify-ai.com/zh/nano-banana-pro-prompts/3484	0	1	0%	1
https://www.curify-ai.com/zh/nano-template/education-card	0	1	0%	1
https://www.curify-ai.com/zh/nano-template/template-portrait-retouching-blueprint	0	1	0%	1
https://curify-ai.com/de/nano-banana-pro-prompts/136	0	1	0%	2
https://curify-ai.com/de/nano-banana-pro-prompts/2098	0	1	0%	2
https://curify-ai.com/de/nano-banana-pro-prompts/2601	0	1	0%	2
https://curify-ai.com/en/nano-banana-pro-prompts/2021	0	1	0%	2
https://curify-ai.com/en/nano-banana-pro-prompts/826	0	1	0%	2
https://curify-ai.com/en/nano-banana-pro-prompts/842	0	1	0%	2
https://curify-ai.com/tr/nano-banana-pro-prompts/76	0	1	0%	2
https://www.curify-ai.com/de/nano-banana-pro-prompts/136	0	1	0%	2
https://www.curify-ai.com/en/nano-banana-pro-prompts/1957	0	1	0%	2
https://www.curify-ai.com/ja/nano-banana-pro-prompts/2916	0	1	0%	2
https://www.curify-ai.com/ja/nano-banana-pro-prompts/3065	0	1	0%	2
https://www.curify-ai.com/ko/blog/storyboard-to-pipeline	0	1	0%	2
https://www.curify-ai.com/ko/nano-banana-pro-prompts/4078	0	1	0%	2
https://www.curify-ai.com/nano-banana-pro-prompts/2918	0	1	0%	2
https://www.curify-ai.com/nano-template/template-food/example/template-food-en-nasi-lemak	0	1	0%	2
https://www.curify-ai.com/zh/nano-banana-pro-prompts/1242	0	1	0%	2
https://curify-ai.com/en/nano-banana-pro-prompts/2600	0	1	0%	3
https://curify-ai.com/en/nano-banana-pro-prompts/609	0	1	0%	3
https://curify-ai.com/es/nano-banana-pro-prompts/1637	0	1	0%	3
https://curify-ai.com/es/nano-banana-pro-prompts/2227	0	1	0%	3
https://curify-ai.com/ru/nano-banana-pro-prompts/1993	0	1	0%	3
https://curify-ai.com/ru/nano-banana-pro-prompts/3010	0	1	0%	3
https://curify-ai.com/zh/nano-banana-pro-prompts/2041	0	1	0%	3
https://www.curify-ai.com/de/nano-banana-pro-prompts/2720	0	1	0%	3
https://www.curify-ai.com/de/nano-banana-pro-prompts/3425	0	1	0%	3
https://www.curify-ai.com/en/nano-banana-pro-prompts/112	0	1	0%	3
https://www.curify-ai.com/en/nano-banana-pro-prompts/1448	0	1	0%	3
https://www.curify-ai.com/en/nano-banana-pro-prompts/1951	0	1	0%	3
https://www.curify-ai.com/en/nano-banana-pro-prompts/4160	0	1	0%	3
https://www.curify-ai.com/es/nano-banana-pro-prompts/2920	0	1	0%	3
https://www.curify-ai.com/es/nano-banana-pro-prompts/3090	0	1	0%	3
https://www.curify-ai.com/fr/nano-banana-pro-prompts/2706	0	1	0%	3
https://www.curify-ai.com/hi/nano-banana-pro-prompts/2712	0	1	0%	3
https://www.curify-ai.com/ja/nano-banana-pro-prompts/947	0	1	0%	3
https://www.curify-ai.com/nano-template/mbti-generic/example/template-mbti-generic-friends-group-1	0	1	0%	3
https://www.curify-ai.com/nano-template/template-herbal-zh/example/template-herbal-zh-american-ginseng	0	1	0%	3
https://www.curify-ai.com/tr/nano-banana-pro-prompts/1698	0	1	0%	3
https://www.curify-ai.com/tr/nano-banana-pro-prompts/3087	0	1	0%	3
https://www.curify-ai.com/zh/nano-banana-pro-prompts/549	0	1	0%	3
https://www.curify-ai.com/zh/nano-template/character-zh/example/template-character-zh-baiqi	0	1	0%	3
https://www.curify-ai.com/zh/nano-template/template-character-analysis-zh/example/template-character-analysis-zh-tang-seng	0	1	0%	3
https://www.curify-ai.com/zh/nano-template/template-species-zh	0	1	0%	3
https://curify-ai.com/de/nano-banana-pro-prompts/2302	0	1	0%	4
https://curify-ai.com/de/nano-banana-pro-prompts/261	0	1	0%	4
https://curify-ai.com/de/nano-banana-pro-prompts/3248	0	1	0%	4
https://curify-ai.com/en/nano-banana-pro-prompts/2476	0	1	0%	4
https://curify-ai.com/es/nano-banana-pro-prompts/1342	0	1	0%	4
https://curify-ai.com/es/nano-banana-pro-prompts/2470	0	1	0%	4
https://curify-ai.com/hi/nano-banana-pro-prompts/1039	0	1	0%	4
https://curify-ai.com/ja/nano-banana-pro-prompts/3788	0	1	0%	4
https://curify-ai.com/tr/nano-banana-pro-prompts/2309	0	1	0%	4
https://www.curify-ai.com/de/blog/what-is-voice-cloning	0	1	0%	4
https://www.curify-ai.com/en/nano-banana-pro-prompts/1494	0	1	0%	4
https://www.curify-ai.com/en/nano-banana-pro-prompts/1554	0	1	0%	4
https://www.curify-ai.com/en/nano-banana-pro-prompts/2764	0	1	0%	4
https://www.curify-ai.com/en/nano-banana-pro-prompts/3009	0	1	0%	4
https://www.curify-ai.com/en/nano-banana-pro-prompts/3029	0	1	0%	4
https://www.curify-ai.com/en/nano-banana-pro-prompts/784	0	1	0%	4
https://www.curify-ai.com/es/nano-banana-pro-prompts/1705	0	1	0%	4
https://www.curify-ai.com/es/nano-banana-pro-prompts/1738	0	1	0%	4
https://www.curify-ai.com/es/nano-banana-pro-prompts/2730	0	1	0%	4
https://www.curify-ai.com/fr/nano-banana-pro-prompts/3139	0	1	0%	4
https://www.curify-ai.com/nano-template/intangible-heritage-zh/example/template-intangible-heritage-zh-lion-dance	0	1	0%	4
https://www.curify-ai.com/nano-template/template-dog-breed/example/template-dog-breed-husky	0	1	0%	4
https://www.curify-ai.com/nano-template/template-fashion-ecommerce/example/template-fashion-ecommerce-zh-jeans	0	1	0%	4
https://www.curify-ai.com/nano-template/template-food/example/template-food-en-kangaroo-steak	0	1	0%	4
https://www.curify-ai.com/nano-template/template-food/example/template-food-vietnamese-spring-rolls	0	1	0%	4
https://www.curify-ai.com/ru/tools/bilingual-subtitles	0	1	0%	4
https://www.curify-ai.com/tr/nano-banana-pro-prompts/1787	0	1	0%	4
https://www.curify-ai.com/tr/nano-banana-pro-prompts/665	0	1	0%	4
https://www.curify-ai.com/zh/nano-banana-pro-prompts/2212	0	1	0%	4
https://www.curify-ai.com/zh/nano-template/template-character-zh/example/template-character-zh-hanxin	0	1	0%	4
https://www.curify-ai.com/zh/nano-template/template-education-zh	0	1	0%	4
https://curify-ai.com/en/nano-banana-pro-prompts/4065	0	1	0%	5
https://curify-ai.com/es/about	0	1	0%	5
https://curify-ai.com/fr/nano-banana-pro-prompts/2405	0	1	0%	5
https://curify-ai.com/hi/nano-banana-pro-prompts/3950	0	1	0%	5
https://curify-ai.com/hi/nano-banana-pro-prompts/4215	0	1	0%	5
https://curify-ai.com/ja/nano-banana-pro-prompts/378	0	1	0%	5
https://curify-ai.com/ru/nano-banana-pro-prompts/2662	0	1	0%	5
https://curify-ai.com/tr/nano-banana-pro-prompts/2732	0	1	0%	5
https://curify-ai.com/zh/nano-banana-pro-prompts/1143	0	1	0%	5
https://curify-ai.com/zh/nano-banana-pro-prompts/291	0	1	0%	5
https://www.curify-ai.com/de/nano-banana-pro-prompts/3229	0	1	0%	5
https://www.curify-ai.com/de/nano-banana-pro-prompts/4256	0	1	0%	5
https://www.curify-ai.com/en/nano-banana-pro-prompts/1008	0	1	0%	5
https://www.curify-ai.com/en/nano-banana-pro-prompts/1295	0	1	0%	5
https://www.curify-ai.com/en/nano-banana-pro-prompts/3885	0	1	0%	5
https://www.curify-ai.com/en/nano-banana-pro-prompts/648	0	1	0%	5
https://www.curify-ai.com/en/nano-banana-pro-prompts/730	0	1	0%	5
https://www.curify-ai.com/es/nano-banana-pro-prompts/270	0	1	0%	5
https://www.curify-ai.com/es/nano-banana-pro-prompts/780	0	1	0%	5
https://www.curify-ai.com/hi/blog/f5-tts-voice-cloning	0	1	0%	5
https://www.curify-ai.com/nano-banana-pro-prompts/3248	0	1	0%	5
https://www.curify-ai.com/nano-banana-pro-prompts/3301	0	1	0%	5
https://www.curify-ai.com/nano-template/template-education-zh/example/template-education-zh-electromagnetic-induction	0	1	0%	5
https://www.curify-ai.com/nano-template/template-fashion-ecommerce/example/template-fashion-ecommerce-zh-hat	0	1	0%	5
https://www.curify-ai.com/nano-template/template-food/example/template-food-en-vietnamese-spring-rolls	0	1	0%	5
https://www.curify-ai.com/nano-template/template-herbal-zh/example/template-herbal-zh-cassiae-semen	0	1	0%	5
https://www.curify-ai.com/nano-template/template-species-science-zh	0	1	0%	5
https://www.curify-ai.com/nano-template/template-what-if-history/example/template-what-if-history-tang-arab	0	1	0%	5
https://www.curify-ai.com/tr/nano-banana-pro-prompts/4142	0	1	0%	5
https://www.curify-ai.com/zh/nano-banana-pro-prompts/3505	0	1	0%	5
https://www.curify-ai.com/zh/nano-template/template-mbti-animal/example/template-mbti-animal-zh-annual-meeting  7	0	1	0%	5
https://www.curify-ai.com/zh/nano-template/template-word-scene/example/template-word-scene-zh-military-base  1	0	1	0%	5
https://curify-ai.com/de/nano-banana-pro-prompts/1190	0	1	0%	6
https://curify-ai.com/de/nano-banana-pro-prompts/2560	0	1	0%	6
https://curify-ai.com/en/nano-banana-pro-prompts/1250	0	1	0%	6
https://curify-ai.com/en/nano-banana-pro-prompts/2940	0	1	0%	6
https://curify-ai.com/es/nano-banana-pro-prompts/1375	0	1	0%	6
https://curify-ai.com/es/nano-banana-pro-prompts/4187	0	1	0%	6
https://curify-ai.com/fr/nano-banana-pro-prompts/1320	0	1	0%	6
https://curify-ai.com/fr/nano-banana-pro-prompts/2067	0	1	0%	6
https://curify-ai.com/fr/nano-banana-pro-prompts/2706	0	1	0%	6
https://curify-ai.com/fr/nano-banana-pro-prompts/61	0	1	0%	6
https://curify-ai.com/ja/nano-banana-pro-prompts/134	0	1	0%	6
https://curify-ai.com/ja/nano-banana-pro-prompts/3256	0	1	0%	6
https://curify-ai.com/ja/nano-banana-pro-prompts/3677	0	1	0%	6
https://curify-ai.com/ru/nano-banana-pro-prompts/1792	0	1	0%	6
https://curify-ai.com/zh/nano-banana-pro-prompts/1024	0	1	0%	6
https://www.curify-ai.com/de/nano-banana-pro-prompts/1010	0	1	0%	6
https://www.curify-ai.com/de/nano-banana-pro-prompts/291	0	1	0%	6
https://www.curify-ai.com/de/nano-banana-pro-prompts/947	0	1	0%	6
https://www.curify-ai.com/en/nano-banana-pro-prompts/2044	0	1	0%	6
https://www.curify-ai.com/en/nano-banana-pro-prompts/4294	0	1	0%	6
https://www.curify-ai.com/en/nano-template/template-cultural-relic/example/template-cultural-relic-simu-wu-ding	0	1	0%	6
https://www.curify-ai.com/es/nano-banana-pro-prompts/2047	0	1	0%	6
https://www.curify-ai.com/es/nano-banana-pro-prompts/3029	0	1	0%	6
https://www.curify-ai.com/es/nano-banana-pro-prompts/3464	0	1	0%	6
https://www.curify-ai.com/es/nano-banana-pro-prompts/355	0	1	0%	6
https://www.curify-ai.com/fr/nano-banana-pro-prompts/1533	0	1	0%	6
https://www.curify-ai.com/hi/nano-banana-pro-prompts/1298	0	1	0%	6
https://www.curify-ai.com/hi/nano-banana-pro-prompts/513	0	1	0%	6
https://www.curify-ai.com/hi/nano-template/architecture	0	1	0%	6
https://www.curify-ai.com/ja/blog/asl-video-translator	0	1	0%	6
https://www.curify-ai.com/ja/nano-banana-pro-prompts/3849	0	1	0%	6
https://www.curify-ai.com/nano-banana-pro-prompts/3332	0	1	0%	6
https://www.curify-ai.com/nano-template/template-fashion-ecommerce/example/template-fashion-ecommerce-zh-desk-lamp	0	1	0%	6
https://www.curify-ai.com/nano-template/template-food/example/template-food-italian-pasta	0	1	0%	6
https://www.curify-ai.com/nano-template/template-species-zh/example/template-species-zh-giant-panda	0	1	0%	6
https://www.curify-ai.com/ru/about	0	1	0%	6
https://www.curify-ai.com/tr/blog/storyboard-labeling	0	1	0%	6
https://www.curify-ai.com/zh/nano-banana-pro-prompts/1107	0	1	0%	6
https://www.curify-ai.com/zh/nano-template/solar-term/example/template-solar-term-daxue	0	1	0%	6
https://curify-ai.com/de/nano-banana-pro-prompts/265	0	1	0%	7
https://curify-ai.com/de/nano-banana-pro-prompts/3418	0	1	0%	7
https://curify-ai.com/de/nano-banana-pro-prompts/3715	0	1	0%	7
https://curify-ai.com/en/nano-banana-pro-prompts/959	0	1	0%	7
https://curify-ai.com/fr/nano-banana-pro-prompts/1738	0	1	0%	7
https://curify-ai.com/hi/nano-banana-pro-prompts/3872	0	1	0%	7
https://curify-ai.com/ko/nano-banana-pro-prompts/2629	0	1	0%	7
https://curify-ai.com/ko/nano-banana-pro-prompts/2847	0	1	0%	7
https://curify-ai.com/tr/nano-banana-pro-prompts/3990	0	1	0%	7
https://curify-ai.com/zh/nano-banana-pro-prompts/29	0	1	0%	7
https://curify-ai.com/zh/nano-banana-pro-prompts/3013	0	1	0%	7
https://curify-ai.com/zh/nano-banana-pro-prompts/96	0	1	0%	7
https://www.curify-ai.com/de/nano-banana-pro-prompts/1201	0	1	0%	7
https://www.curify-ai.com/de/nano-banana-pro-prompts/3518	0	1	0%	7
https://www.curify-ai.com/de/nano-banana-pro-prompts/3836	0	1	0%	7
https://www.curify-ai.com/de/nano-banana-pro-prompts/468	0	1	0%	7
https://www.curify-ai.com/en/nano-banana-pro-prompts/1042	0	1	0%	7
https://www.curify-ai.com/en/nano-banana-pro-prompts/3543	0	1	0%	7
https://www.curify-ai.com/en/nano-banana-pro-prompts/949	0	1	0%	7
https://www.curify-ai.com/es/nano-banana-pro-prompts/1184	0	1	0%	7
https://www.curify-ai.com/es/nano-banana-pro-prompts/1953	0	1	0%	7
https://www.curify-ai.com/es/nano-banana-pro-prompts/3902	0	1	0%	7
https://www.curify-ai.com/es/nano-banana-pro-prompts/785	0	1	0%	7
https://www.curify-ai.com/fr/about	0	1	0%	7
https://www.curify-ai.com/fr/nano-banana-pro-prompts/2207	0	1	0%	7
https://www.curify-ai.com/ja/nano-template/intangible-heritage-zh	0	1	0%	7
https://www.curify-ai.com/ko/nano-banana-pro-prompts/3836	0	1	0%	7
https://www.curify-ai.com/nano-template/fashion-ecommerce/example/template-fashion-ecommerce-zh-shoes	0	1	0%	7
https://www.curify-ai.com/nano-template/mbti-generic/example/template-mbti-generic-ai-en-stable-diffusion-estp	0	1	0%	7
https://www.curify-ai.com/nano-template/template-character-analysis-zh	0	1	0%	7
https://www.curify-ai.com/nano-template/template-fashion-ecommerce/example/template-fashion-ecommerce-zh-shirt	0	1	0%	7
https://www.curify-ai.com/tr/nano-banana-pro-prompts/1389	0	1	0%	7
https://www.curify-ai.com/tr/nano-banana-pro-prompts/1973	0	1	0%	7
https://www.curify-ai.com/tr/nano-banana-pro-prompts/4039	0	1	0%	7
https://www.curify-ai.com/tr/nano-banana-pro-prompts/4264	0	1	0%	7
https://www.curify-ai.com/tr/nano-banana-pro-prompts/76	0	1	0%	7
https://curify-ai.com/en/nano-banana-pro-prompts/2885	0	1	0%	8
https://curify-ai.com/en/nano-banana-pro-prompts/3189	0	1	0%	8
https://curify-ai.com/en/nano-banana-pro-prompts/3360	0	1	0%	8
https://curify-ai.com/en/nano-banana-pro-prompts/611	0	1	0%	8
https://curify-ai.com/es/contact	0	1	0%	8
https://curify-ai.com/es/nano-banana-pro-prompts/2222	0	1	0%	8
https://curify-ai.com/es/nano-banana-pro-prompts/2367	0	1	0%	8
https://curify-ai.com/es/nano-banana-pro-prompts/2810	0	1	0%	8
https://curify-ai.com/es/nano-banana-pro-prompts/2921	0	1	0%	8
https://curify-ai.com/hi/nano-banana-pro-prompts/3688	0	1	0%	8
https://curify-ai.com/ja/nano-banana-pro-prompts/308	0	1	0%	8
https://curify-ai.com/ja/nano-banana-pro-prompts/3171	0	1	0%	8
https://curify-ai.com/ja/nano-banana-pro-prompts/4063	0	1	0%	8
https://curify-ai.com/ru/nano-banana-pro-prompts/4262	0	1	0%	8
https://curify-ai.com/zh/nano-banana-pro-prompts/3329	0	1	0%	8
https://www.curify-ai.com/de/nano-banana-pro-prompts/1001	0	1	0%	8
https://www.curify-ai.com/de/nano-banana-pro-prompts/1882	0	1	0%	8
https://www.curify-ai.com/de/nano-banana-pro-prompts/1925	0	1	0%	8
https://www.curify-ai.com/de/nano-banana-pro-prompts/2580	0	1	0%	8
https://www.curify-ai.com/de/nano-banana-pro-prompts/3542	0	1	0%	8
https://www.curify-ai.com/de/nano-banana-pro-prompts/698	0	1	0%	8
https://www.curify-ai.com/en/nano-banana-pro-prompts/2847	0	1	0%	8
https://www.curify-ai.com/en/nano-banana-pro-prompts/3822	0	1	0%	8
https://www.curify-ai.com/es/nano-banana-pro-prompts/1076	0	1	0%	8
https://www.curify-ai.com/fr/blog/voice-cloning-tools	0	1	0%	8
https://www.curify-ai.com/hi/nano-banana-pro-prompts/2530	0	1	0%	8
https://www.curify-ai.com/ja/nano-banana-pro-prompts/1244	0	1	0%	8
https://www.curify-ai.com/ja/nano-banana-pro-prompts/2778	0	1	0%	8
https://www.curify-ai.com/nano-template/template-cultural-relic/example/template-cultural-relic-terracotta-warriors	0	1	0%	8
https://www.curify-ai.com/nano-template/template-evolution/example/template-evolution-chinese-social-changes	0	1	0%	8
https://www.curify-ai.com/nano-template/template-solar-term/example/template-solar-term-chunfen	0	1	0%	8
https://www.curify-ai.com/nano-template/template-word-scene/example/template-word-scene-zh-family-hotel	0	1	0%	8
https://www.curify-ai.com/nano-template/template-word-scene/example/template-word-scene-zh-shinchan-classroom	0	1	0%	8
https://www.curify-ai.com/ru/blog/asl-video-translator	0	1	0%	8
https://www.curify-ai.com/ru/nano-banana-pro-prompts/3511	0	1	0%	8
https://www.curify-ai.com/tr/blog/how-to-translate-asl-video	0	1	0%	8
https://www.curify-ai.com/tr/nano-banana-pro-prompts/121	0	1	0%	8
https://www.curify-ai.com/tr/nano-banana-pro-prompts/1825	0	1	0%	8